{"cameraMode":{"drawMode":0,"name":"Shaded","section":"Shading Mode"},"sceneLighting":true,"audioPlay":false,"sceneViewState":{"m_AlwaysRefresh":false,"showFog":true,"showSkybox":true,"showFlares":true,"showImageEffects":true,"showParticleSystems":true,"showVisualEffectGraphs":true,"m_FxEnabled":true},"in2DMode":false,"pivot":{"x":44.49123764038086,"y":12.766693115234375,"z":20.604217529296876},"rotation":{"x":-0.00524373073130846,"y":0.9937971234321594,"z":-0.09751308709383011,"w":-0.05341707170009613},"size":29.109695434570314,"orthographic":false}